ds,Close,High,Low,Open,Volume
2025-09-12 04:00:00,3593.39990234375,3640.0,3582.39990234375,3634.0,453662
2025-09-12 04:30:00,3608.60009765625,3612.0,3592.699951171875,3593.699951171875,374476
2025-09-12 05:00:00,3601.800048828125,3610.10009765625,3601.0,3608.5,75962
2025-09-12 05:30:00,3597.60009765625,3606.199951171875,3597.60009765625,3601.89990234375,194887
2025-09-12 06:00:00,3596.89990234375,3599.89990234375,3595.0,3597.0,63915
2025-09-12 06:30:00,3594.60009765625,3599.699951171875,3593.39990234375,3596.89990234375,100917
2025-09-12 07:00:00,3588.60009765625,3596.199951171875,3587.699951171875,3594.300048828125,97104
2025-09-12 07:30:00,3591.89990234375,3595.0,3585.699951171875,3588.5,218364
2025-09-12 08:00:00,3592.89990234375,3593.0,3586.10009765625,3591.800048828125,74300
2025-09-12 08:30:00,3591.10009765625,3594.5,3590.0,3592.699951171875,69793
2025-09-12 09:00:00,3588.699951171875,3592.39990234375,3585.0,3591.10009765625,244081
2025-09-12 09:30:00,3589.89990234375,3593.0,3586.5,3588.699951171875,469284
2025-09-15 04:00:00,3565.0,3583.10009765625,3564.699951171875,3581.10009765625,169170
2025-09-15 04:30:00,3571.0,3572.39990234375,3556.0,3564.89990234375,159206
2025-09-15 05:00:00,3558.699951171875,3573.89990234375,3558.0,3570.800048828125,82069
2025-09-15 05:30:00,3552.300048828125,3561.0,3550.60009765625,3558.699951171875,75012
2025-09-15 06:00:00,3552.800048828125,3558.0,3547.199951171875,3552.300048828125,107900
2025-09-15 06:30:00,3550.0,3558.10009765625,3548.0,3553.39990234375,99109
2025-09-15 07:00:00,3542.60009765625,3551.0,3541.0,3549.60009765625,119479
2025-09-15 07:30:00,3542.800048828125,3547.60009765625,3537.5,3542.39990234375,112268
2025-09-15 08:00:00,3532.699951171875,3542.89990234375,3532.0,3542.199951171875,168977
2025-09-15 08:30:00,3532.0,3533.699951171875,3526.699951171875,3533.300048828125,138095
2025-09-15 09:00:00,3530.199951171875,3536.0,3527.0,3532.0,448198
2025-09-15 09:30:00,3531.0,3535.0,3526.800048828125,3530.5,659764
2025-09-16 04:00:00,3565.39990234375,3581.0,3562.0,3569.89990234375,290067
2025-09-16 04:30:00,3570.199951171875,3579.5,3563.5,3565.39990234375,141786
2025-09-16 05:00:00,3569.699951171875,3572.5,3568.800048828125,3570.10009765625,79166
2025-09-16 05:30:00,3559.89990234375,3574.199951171875,3557.699951171875,3574.199951171875,175524
2025-09-16 06:00:00,3561.39990234375,3565.0,3558.300048828125,3562.89990234375,56691
2025-09-16 06:30:00,3562.39990234375,3564.60009765625,3559.199951171875,3561.39990234375,50409
2025-09-16 07:00:00,3570.0,3571.699951171875,3560.10009765625,3562.300048828125,115751
2025-09-16 07:30:00,3567.699951171875,3571.0,3565.0,3570.0,62913
2025-09-16 08:00:00,3565.800048828125,3569.0,3565.0,3567.699951171875,30712
2025-09-16 08:30:00,3597.199951171875,3599.0,3578.39990234375,3579.0,419169
2025-09-16 09:00:00,3593.89990234375,3599.0,3591.800048828125,3598.0,71085
2025-09-16 09:30:00,3613.89990234375,3619.89990234375,3601.199951171875,3604.60009765625,579273
2025-09-17 04:00:00,3618.199951171875,3623.89990234375,3593.10009765625,3597.10009765625,534218
2025-09-17 04:30:00,3622.0,3629.10009765625,3616.0,3618.10009765625,94045
2025-09-17 05:00:00,3619.5,3626.800048828125,3617.39990234375,3622.0,109083
2025-09-17 05:30:00,3623.39990234375,3633.0,3616.5,3619.0,210098
2025-09-17 06:00:00,3622.300048828125,3627.800048828125,3618.0,3622.5,89471
2025-09-17 06:30:00,3630.800048828125,3630.89990234375,3620.0,3622.5,149691
2025-09-17 07:00:00,3644.89990234375,3644.89990234375,3632.10009765625,3632.60009765625,144998
2025-09-17 07:30:00,3640.10009765625,3644.89990234375,3636.699951171875,3644.89990234375,149378
2025-09-17 08:00:00,3641.0,3643.800048828125,3639.0,3640.89990234375,57473
2025-09-17 08:30:00,3635.5,3641.0,3630.0,3641.0,93661
2025-09-17 09:00:00,3639.0,3642.0,3633.300048828125,3635.5,66271
2025-09-17 09:30:00,3635.0,3641.5,3627.10009765625,3637.89990234375,388885
2025-09-18 04:00:00,3630.5,3640.5,3628.0,3639.800048828125,203694
2025-09-18 04:30:00,3639.10009765625,3639.89990234375,3628.0,3630.0,110224
2025-09-18 05:00:00,3634.699951171875,3644.800048828125,3633.5,3640.0,139721
2025-09-18 05:30:00,3631.0,3636.300048828125,3630.0,3634.89990234375,89452
2025-09-18 06:00:00,3626.10009765625,3632.89990234375,3625.0,3631.0,317220
2025-09-18 06:30:00,3616.39990234375,3628.10009765625,3611.0,3626.0,107583
2025-09-18 07:00:00,3617.89990234375,3618.39990234375,3603.300048828125,3616.5,103009
2025-09-18 07:30:00,3626.60009765625,3629.60009765625,3613.199951171875,3617.800048828125,312359
2025-09-18 08:00:00,3619.699951171875,3627.5,3615.800048828125,3626.60009765625,137099
2025-09-18 08:30:00,3615.300048828125,3620.800048828125,3610.0,3620.800048828125,136046
2025-09-18 09:00:00,3627.300048828125,3630.0,3611.39990234375,3615.199951171875,174757
2025-09-18 09:30:00,3642.199951171875,3649.60009765625,3626.39990234375,3626.39990234375,475372
2025-09-19 04:00:00,3620.0,3633.0,3618.800048828125,3622.800048828125,78234
2025-09-19 04:30:00,3629.0,3629.5,3619.699951171875,3621.300048828125,56377
2025-09-19 05:00:00,3633.300048828125,3635.0,3624.89990234375,3628.699951171875,57850
2025-09-19 05:30:00,3632.0,3636.60009765625,3628.800048828125,3633.39990234375,40019
2025-09-19 06:00:00,3635.0,3635.0,3631.0,3632.0,24066
2025-09-19 06:30:00,3629.39990234375,3635.0,3624.300048828125,3635.0,229850
2025-09-19 07:00:00,3627.0,3632.0,3626.199951171875,3629.5,77658
2025-09-19 07:30:00,3623.5,3629.5,3617.800048828125,3627.0,118456
2025-09-19 08:00:00,3623.60009765625,3627.39990234375,3620.39990234375,3623.10009765625,78961
2025-09-19 08:30:00,3623.5,3626.5,3620.39990234375,3623.699951171875,86756
2025-09-19 09:00:00,3617.199951171875,3626.800048828125,3614.39990234375,3623.5,216357
2025-09-19 09:30:00,3599.800048828125,3617.5,3584.5,3617.300048828125,2569976
2025-09-22 04:00:00,3588.199951171875,3593.0,3578.60009765625,3589.300048828125,139704
2025-09-22 04:30:00,3592.0,3596.800048828125,3584.0,3588.39990234375,378844
2025-09-22 05:00:00,3611.0,3616.60009765625,3591.300048828125,3592.10009765625,231164
2025-09-22 05:30:00,3601.5,3613.199951171875,3597.0,3611.0,80867
2025-09-22 06:00:00,3593.0,3601.5,3590.39990234375,3601.0,84155
2025-09-22 06:30:00,3594.0,3596.0,3592.39990234375,3593.0,82449
2025-09-22 07:00:00,3594.800048828125,3598.0,3591.300048828125,3594.0,57688
2025-09-22 07:30:00,3583.699951171875,3595.5,3581.60009765625,3594.699951171875,35511
2025-09-22 08:00:00,3582.699951171875,3589.699951171875,3581.60009765625,3583.699951171875,36734
2025-09-22 08:30:00,3586.89990234375,3590.39990234375,3580.5,3582.699951171875,56141
2025-09-22 09:00:00,3580.300048828125,3587.199951171875,3569.300048828125,3586.800048828125,116133
2025-09-22 09:30:00,3584.800048828125,3589.300048828125,3577.89990234375,3579.89990234375,174947
2025-09-23 04:00:00,3619.199951171875,3641.10009765625,3612.89990234375,3638.10009765625,402249
2025-09-23 04:30:00,3623.300048828125,3630.60009765625,3612.5,3620.89990234375,184069
2025-09-23 05:00:00,3618.0,3628.0,3611.0,3622.0,96610
2025-09-23 05:30:00,3614.5,3619.39990234375,3611.0,3618.199951171875,148115
2025-09-23 06:00:00,3615.10009765625,3619.0,3611.0,3614.5,61457
2025-09-23 06:30:00,3612.10009765625,3621.39990234375,3611.0,3616.5,81559
2025-09-23 07:00:00,3623.0,3628.0,3611.5,3612.5,124971
2025-09-23 07:30:00,3623.39990234375,3632.60009765625,3618.39990234375,3623.0,124528
2025-09-23 08:00:00,3624.5,3634.300048828125,3622.60009765625,3623.39990234375,115672
2025-09-23 08:30:00,3631.199951171875,3637.5,3624.0,3624.39990234375,154418
2025-09-23 09:00:00,3617.300048828125,3637.0,3612.39990234375,3630.300048828125,162494
2025-09-23 09:30:00,3614.60009765625,3620.199951171875,3607.0,3617.199951171875,342738
2025-09-24 04:00:00,3622.10009765625,3626.0,3599.60009765625,3601.800048828125,129078
2025-09-24 04:30:00,3611.89990234375,3624.39990234375,3604.699951171875,3622.10009765625,79807
2025-09-24 05:00:00,3607.89990234375,3614.0,3601.199951171875,3610.89990234375,56112
2025-09-24 05:30:00,3591.199951171875,3608.0,3586.0,3608.0,85519
2025-09-24 06:00:00,3592.0,3596.0,3588.5,3591.199951171875,51470
2025-09-24 06:30:00,3589.0,3598.0,3583.5,3592.0,95510
2025-09-24 07:00:00,3593.800048828125,3596.60009765625,3585.300048828125,3590.10009765625,60709
2025-09-24 07:30:00,3598.300048828125,3601.800048828125,3591.0,3593.800048828125,98793
2025-09-24 08:00:00,3595.10009765625,3600.89990234375,3593.0,3599.0,61095
2025-09-24 08:30:00,3596.800048828125,3598.89990234375,3591.300048828125,3595.0,49471
2025-09-24 09:00:00,3573.300048828125,3598.89990234375,3571.699951171875,3596.699951171875,123403
2025-09-24 09:30:00,3581.0,3584.5,3568.10009765625,3573.300048828125,300300
2025-09-25 04:00:00,3556.60009765625,3571.89990234375,3551.0,3571.60009765625,94252
2025-09-25 04:30:00,3556.89990234375,3564.5,3547.300048828125,3556.60009765625,139921
2025-09-25 05:00:00,3544.89990234375,3557.89990234375,3543.0,3556.89990234375,134860
2025-09-25 05:30:00,3550.199951171875,3553.0,3544.0,3544.89990234375,96462
2025-09-25 06:00:00,3542.300048828125,3550.199951171875,3538.800048828125,3550.199951171875,57851
2025-09-25 06:30:00,3543.0,3545.300048828125,3535.10009765625,3544.10009765625,103670
2025-09-25 07:00:00,3557.0,3557.199951171875,3540.199951171875,3543.0,84981
2025-09-25 07:30:00,3557.60009765625,3561.89990234375,3552.39990234375,3557.0,101765
2025-09-25 08:00:00,3566.300048828125,3567.5,3555.39990234375,3556.800048828125,96313
2025-09-25 08:30:00,3549.60009765625,3567.10009765625,3547.39990234375,3566.39990234375,143512
2025-09-25 09:00:00,3544.10009765625,3553.10009765625,3537.300048828125,3549.5,255065
2025-09-25 09:30:00,3530.0,3546.0,3522.0,3544.10009765625,711061
2025-09-26 04:00:00,3501.5,3517.0,3496.39990234375,3516.60009765625,428293
2025-09-26 04:30:00,3483.5,3501.0,3480.199951171875,3501.0,95967
2025-09-26 05:00:00,3473.10009765625,3483.800048828125,3469.10009765625,3483.800048828125,86757
2025-09-26 05:30:00,3470.199951171875,3478.39990234375,3468.10009765625,3474.60009765625,63405
2025-09-26 06:00:00,3453.0,3471.5,3452.39990234375,3470.199951171875,239127
2025-09-26 06:30:00,3449.800048828125,3464.89990234375,3448.39990234375,3452.5,108676
2025-09-26 07:00:00,3437.699951171875,3451.0,3433.300048828125,3450.0,148062
2025-09-26 07:30:00,3408.89990234375,3438.0,3397.10009765625,3437.300048828125,274172
2025-09-26 08:00:00,3395.199951171875,3415.300048828125,3391.60009765625,3409.89990234375,279407
2025-09-26 08:30:00,3399.0,3420.0,3394.89990234375,3395.199951171875,316117
2025-09-26 09:00:00,3399.0,3406.800048828125,3396.60009765625,3398.89990234375,342220
2025-09-26 09:30:00,3398.0,3401.10009765625,3392.60009765625,3398.89990234375,498118
2025-09-29 04:00:00,3429.39990234375,3435.89990234375,3424.0,3427.39990234375,321581
2025-09-29 04:30:00,3443.300048828125,3448.0,3426.699951171875,3428.5,308012
2025-09-29 05:00:00,3430.699951171875,3445.0,3427.89990234375,3443.60009765625,199376
2025-09-29 05:30:00,3441.39990234375,3443.800048828125,3429.39990234375,3430.800048828125,164865
2025-09-29 06:00:00,3431.89990234375,3440.89990234375,3418.60009765625,3440.10009765625,120611
2025-09-29 06:30:00,3434.10009765625,3441.0,3424.5,3431.89990234375,271886
2025-09-29 07:00:00,3428.5,3434.300048828125,3425.0,3434.10009765625,76987
2025-09-29 07:30:00,3436.800048828125,3438.0,3423.699951171875,3428.5,140520
2025-09-29 08:00:00,3454.10009765625,3458.0,3435.0,3436.0,244853
2025-09-29 08:30:00,3446.0,3456.0,3444.699951171875,3454.10009765625,199624
2025-09-29 09:00:00,3434.699951171875,3446.0,3427.39990234375,3446.0,157649
2025-09-29 09:30:00,3418.10009765625,3434.0,3413.10009765625,3433.10009765625,786865
2025-09-30 04:00:00,3409.10009765625,3431.800048828125,3408.5,3422.699951171875,125183
2025-09-30 04:30:00,3401.10009765625,3413.5,3397.300048828125,3409.89990234375,90011
2025-09-30 05:00:00,3403.5,3409.300048828125,3394.0,3401.60009765625,94234
2025-09-30 05:30:00,3410.0,3420.10009765625,3402.39990234375,3403.199951171875,113155
2025-09-30 06:00:00,3411.300048828125,3413.800048828125,3404.89990234375,3409.89990234375,54730
2025-09-30 06:30:00,3420.60009765625,3423.0,3410.0,3411.300048828125,254623
2025-09-30 07:00:00,3425.60009765625,3426.89990234375,3416.39990234375,3420.5,132745
2025-09-30 07:30:00,3445.0,3445.699951171875,3422.5,3425.39990234375,150009
2025-09-30 08:00:00,3445.5,3453.0,3433.300048828125,3444.89990234375,150411
2025-09-30 08:30:00,3430.199951171875,3446.0,3428.0,3444.89990234375,131044
2025-09-30 09:00:00,3432.5,3438.39990234375,3426.0,3430.199951171875,242883
2025-09-30 09:30:00,3435.0,3435.0,3422.699951171875,3432.60009765625,909743
2025-10-01 04:00:00,3457.89990234375,3482.10009765625,3454.60009765625,3466.0,219225
2025-10-01 04:30:00,3478.0,3500.0,3441.0,3457.800048828125,348012
2025-10-01 05:00:00,3483.0,3498.699951171875,3475.0,3478.0,224850
2025-10-01 05:30:00,3466.5,3483.0,3458.0,3482.10009765625,109115
2025-10-01 06:00:00,3464.89990234375,3471.199951171875,3460.5,3466.5,111802
2025-10-01 06:30:00,3461.10009765625,3468.39990234375,3451.5,3464.89990234375,120381
2025-10-01 07:00:00,3454.39990234375,3462.0,3452.300048828125,3461.10009765625,150917
2025-10-01 07:30:00,3459.5,3460.0,3448.800048828125,3453.89990234375,116454
2025-10-01 08:00:00,3467.699951171875,3470.0,3457.5,3459.5,110860
2025-10-01 08:30:00,3471.300048828125,3472.89990234375,3462.39990234375,3467.800048828125,132304
2025-10-01 09:00:00,3462.800048828125,3474.89990234375,3456.60009765625,3471.300048828125,134626
2025-10-01 09:30:00,3470.0,3470.0,3458.300048828125,3462.800048828125,323701
2025-10-03 04:00:00,3425.699951171875,3432.0,3414.300048828125,3421.0,215934
2025-10-03 04:30:00,3433.39990234375,3433.800048828125,3405.199951171875,3425.699951171875,234139
2025-10-03 05:00:00,3436.300048828125,3437.89990234375,3422.0,3433.800048828125,133431
2025-10-03 05:30:00,3436.0,3445.800048828125,3433.0,3437.0,157945
2025-10-03 06:00:00,3431.0,3439.199951171875,3430.800048828125,3436.39990234375,108052
2025-10-03 06:30:00,3440.5,3445.5,3430.800048828125,3431.10009765625,108115
2025-10-03 07:00:00,3454.699951171875,3455.0,3437.10009765625,3442.800048828125,129273
2025-10-03 07:30:00,3456.5,3459.89990234375,3450.0,3454.699951171875,150043
2025-10-03 08:00:00,3456.800048828125,3460.0,3447.5,3456.5,154517
2025-10-03 08:30:00,3457.300048828125,3462.800048828125,3450.0,3457.39990234375,195977
2025-10-03 09:00:00,3462.10009765625,3468.0,3454.10009765625,3457.10009765625,177078
2025-10-03 09:30:00,3462.0,3464.60009765625,3458.60009765625,3462.800048828125,351042
2025-10-06 04:00:00,3440.800048828125,3442.5,3427.699951171875,3433.300048828125,53217
2025-10-06 04:30:00,3454.0,3455.0,3436.5,3441.300048828125,40867
2025-10-06 05:00:00,3465.699951171875,3470.199951171875,3450.89990234375,3455.0,68662
2025-10-06 05:30:00,3463.199951171875,3467.60009765625,3456.89990234375,3465.699951171875,50294
2025-10-06 06:00:00,3462.0,3468.39990234375,3455.89990234375,3464.300048828125,45936
2025-10-06 06:30:00,3472.10009765625,3475.0,3454.0,3461.0,103321
2025-10-06 07:00:00,3473.5,3474.800048828125,3466.5,3472.10009765625,111709
2025-10-06 07:30:00,3475.89990234375,3480.0,3469.10009765625,3473.5,134731
2025-10-06 08:00:00,3470.699951171875,3478.0,3466.800048828125,3475.89990234375,62245
2025-10-06 08:30:00,3468.60009765625,3473.0,3463.10009765625,3471.39990234375,62654
2025-10-06 09:00:00,3470.5,3477.0,3463.0,3469.800048828125,132625
2025-10-06 09:30:00,3473.0,3477.0,3468.199951171875,3471.89990234375,149484
2025-10-07 04:00:00,3473.0,3482.0,3468.0,3474.199951171875,115336
2025-10-07 04:30:00,3475.699951171875,3482.5,3473.0,3474.0,79037
2025-10-07 05:00:00,3510.39990234375,3511.89990234375,3474.10009765625,3475.0,156306
2025-10-07 05:30:00,3503.0,3521.300048828125,3495.199951171875,3510.10009765625,172179
2025-10-07 06:00:00,3493.0,3504.800048828125,3488.10009765625,3502.5,84072
2025-10-07 06:30:00,3496.0,3499.39990234375,3489.0,3493.699951171875,41933
2025-10-07 07:00:00,3493.0,3497.39990234375,3485.0,3496.0,104450
2025-10-07 07:30:00,3496.0,3496.0,3483.0,3493.10009765625,96205
2025-10-07 08:00:00,3497.39990234375,3498.5,3492.199951171875,3496.0,51783
2025-10-07 08:30:00,3493.89990234375,3499.39990234375,3491.0,3497.39990234375,75781
2025-10-07 09:00:00,3491.10009765625,3498.0,3488.89990234375,3494.300048828125,137522
2025-10-07 09:30:00,3492.800048828125,3500.0,3490.0,3491.10009765625,297607
2025-10-08 04:00:00,3490.699951171875,3501.199951171875,3487.300048828125,3499.699951171875,79834
2025-10-08 04:30:00,3463.300048828125,3492.300048828125,3450.800048828125,3490.699951171875,97514
2025-10-08 05:00:00,3465.0,3470.0,3461.0,3463.0,29448
2025-10-08 05:30:00,3451.300048828125,3465.0,3451.300048828125,3464.300048828125,54716
2025-10-08 06:00:00,3436.0,3452.60009765625,3436.0,3451.300048828125,60443
2025-10-08 06:30:00,3443.10009765625,3451.800048828125,3435.699951171875,3436.0,68207
2025-10-08 07:00:00,3448.800048828125,3449.300048828125,3430.0,3443.5,212818
2025-10-08 07:30:00,3440.199951171875,3451.60009765625,3439.10009765625,3448.800048828125,92920
2025-10-08 08:00:00,3447.89990234375,3448.0,3439.199951171875,3440.39990234375,60593
2025-10-08 08:30:00,3434.699951171875,3448.800048828125,3427.5,3447.89990234375,131648
2025-10-08 09:00:00,3425.89990234375,3436.0,3425.89990234375,3433.300048828125,157698
2025-10-08 09:30:00,3426.0,3431.699951171875,3422.60009765625,3426.0,271779
2025-10-09 04:00:00,3432.10009765625,3460.0,3425.0,3457.800048828125,235240
2025-10-09 04:30:00,3435.5,3438.0,3426.300048828125,3432.5,104006
2025-10-09 05:00:00,3435.199951171875,3444.5,3429.39990234375,3435.300048828125,78532
2025-10-09 05:30:00,3439.5,3449.60009765625,3435.0,3435.89990234375,126755
2025-10-09 06:00:00,3433.300048828125,3445.89990234375,3432.699951171875,3439.39990234375,99376
2025-10-09 06:30:00,3439.0,3446.0,3431.39990234375,3435.0,95046
2025-10-09 07:00:00,3440.89990234375,3444.89990234375,3438.300048828125,3438.60009765625,120077
2025-10-09 07:30:00,3445.0,3450.0,3439.5,3440.89990234375,145145
2025-10-09 08:00:00,3448.10009765625,3449.89990234375,3437.800048828125,3445.0,90078
2025-10-09 08:30:00,3444.800048828125,3452.5,3437.5,3448.10009765625,97724
2025-10-09 09:00:00,3440.89990234375,3448.39990234375,3428.0,3445.800048828125,205258
2025-10-09 09:30:00,3440.0,3450.0,3435.0,3443.0,421256
2025-10-10 04:00:00,3430.199951171875,3438.800048828125,3417.800048828125,3422.300048828125,100804
2025-10-10 04:30:00,3437.5,3441.5,3429.5,3430.199951171875,51311
2025-10-10 05:00:00,3448.10009765625,3457.5,3434.5,3437.5,109009
2025-10-10 05:30:00,3447.5,3453.89990234375,3444.300048828125,3448.10009765625,73261
2025-10-10 06:00:00,3438.800048828125,3449.89990234375,3435.5,3447.800048828125,92778
2025-10-10 06:30:00,3447.300048828125,3449.89990234375,3440.0,3442.5,54619
2025-10-10 07:00:00,3463.300048828125,3464.800048828125,3446.300048828125,3448.699951171875,115000
2025-10-10 07:30:00,3463.0,3473.89990234375,3457.199951171875,3463.699951171875,143771
2025-10-10 08:00:00,3461.0,3464.5,3459.0,3463.300048828125,64268
2025-10-10 08:30:00,3450.89990234375,3462.89990234375,3450.5,3461.10009765625,102148
2025-10-10 09:00:00,3458.0,3458.0,3447.699951171875,3450.89990234375,94064
2025-10-10 09:30:00,3456.800048828125,3459.5,3451.800048828125,3457.800048828125,161629
2025-10-13 04:00:00,3463.300048828125,3470.0,3432.5,3444.10009765625,129911
2025-10-13 04:30:00,3460.0,3466.199951171875,3452.39990234375,3463.300048828125,79879
2025-10-13 05:00:00,3455.39990234375,3460.89990234375,3450.0,3460.89990234375,67169
2025-10-13 05:30:00,3449.699951171875,3453.10009765625,3443.800048828125,3451.699951171875,41672
2025-10-13 06:00:00,3452.89990234375,3454.0,3447.60009765625,3449.699951171875,36173
2025-10-13 06:30:00,3452.699951171875,3459.89990234375,3448.699951171875,3453.89990234375,46870
2025-10-13 07:00:00,3459.0,3460.0,3450.699951171875,3452.699951171875,64512
2025-10-13 07:30:00,3453.300048828125,3459.0,3448.0,3458.89990234375,72946
2025-10-13 08:00:00,3458.699951171875,3459.699951171875,3450.300048828125,3453.0,114017
2025-10-13 08:30:00,3466.0,3469.0,3457.10009765625,3457.10009765625,120149
2025-10-13 09:00:00,3462.10009765625,3468.699951171875,3460.39990234375,3466.0,76097
2025-10-13 09:30:00,3459.699951171875,3462.39990234375,3455.10009765625,3462.10009765625,147889
2025-10-14 04:00:00,3456.0,3478.5,3452.800048828125,3471.199951171875,92835
2025-10-14 04:30:00,3460.10009765625,3463.89990234375,3446.199951171875,3456.0,83011
2025-10-14 05:00:00,3447.10009765625,3460.0,3442.60009765625,3460.0,118065
2025-10-14 05:30:00,3434.39990234375,3448.199951171875,3430.699951171875,3447.5,84309
2025-10-14 06:00:00,3440.800048828125,3442.699951171875,3432.5,3433.300048828125,31798
2025-10-14 06:30:00,3431.60009765625,3444.5,3428.0,3440.800048828125,74124
2025-10-14 07:00:00,3442.5,3446.800048828125,3430.0,3430.5,78376
2025-10-14 07:30:00,3447.0,3447.699951171875,3435.300048828125,3442.5,53118
2025-10-14 08:00:00,3445.0,3453.300048828125,3440.800048828125,3447.0,112409
2025-10-14 08:30:00,3452.39990234375,3459.89990234375,3439.699951171875,3445.0,298533
2025-10-14 09:00:00,3467.89990234375,3469.0,3451.39990234375,3452.39990234375,137202
2025-10-14 09:30:00,3452.89990234375,3468.89990234375,3452.10009765625,3468.0,221028
2025-10-15 04:00:00,3480.699951171875,3484.0,3472.0,3478.60009765625,57607
2025-10-15 04:30:00,3493.60009765625,3494.5,3475.5,3480.0,69880
2025-10-15 05:00:00,3492.10009765625,3497.10009765625,3485.0,3493.699951171875,53403
2025-10-15 05:30:00,3486.800048828125,3493.39990234375,3477.0,3492.199951171875,68378
2025-10-15 06:00:00,3481.800048828125,3486.800048828125,3477.0,3485.60009765625,39502
2025-10-15 06:30:00,3486.800048828125,3488.60009765625,3480.199951171875,3481.39990234375,97580
2025-10-15 07:00:00,3499.5,3499.5,3485.0,3485.0,59937
2025-10-15 07:30:00,3493.0,3499.699951171875,3492.60009765625,3499.5,69080
2025-10-15 08:00:00,3488.39990234375,3495.89990234375,3480.5,3493.0,115363
2025-10-15 08:30:00,3494.0,3494.300048828125,3485.0,3486.199951171875,65002
2025-10-15 09:00:00,3495.0,3498.5,3492.199951171875,3494.0,70874
2025-10-15 09:30:00,3491.0,3499.800048828125,3490.300048828125,3495.60009765625,459823
2025-10-16 04:00:00,3552.5,3556.800048828125,3523.39990234375,3527.699951171875,335978
2025-10-16 04:30:00,3558.699951171875,3567.89990234375,3551.300048828125,3552.39990234375,166452
2025-10-16 05:00:00,3544.0,3561.89990234375,3540.5,3558.89990234375,105492
2025-10-16 05:30:00,3554.0,3556.10009765625,3543.699951171875,3544.0,85992
2025-10-16 06:00:00,3545.0,3557.699951171875,3543.10009765625,3554.60009765625,86567
2025-10-16 06:30:00,3557.0,3562.0,3541.199951171875,3545.0,92357
2025-10-16 07:00:00,3555.39990234375,3561.0,3553.39990234375,3556.800048828125,73983
2025-10-16 07:30:00,3558.5,3564.89990234375,3553.0,3555.0,104296
2025-10-16 08:00:00,3564.0,3565.89990234375,3558.0,3560.0,139198
2025-10-16 08:30:00,3564.0,3569.89990234375,3558.300048828125,3564.300048828125,132810
2025-10-16 09:00:00,3563.199951171875,3573.0,3560.0,3563.89990234375,167558
2025-10-16 09:30:00,3560.0,3564.39990234375,3557.0,3563.199951171875,449531
2025-10-17 04:00:00,3621.0,3632.300048828125,3601.39990234375,3609.0,551576
2025-10-17 04:30:00,3632.199951171875,3639.10009765625,3619.300048828125,3622.699951171875,240772
2025-10-17 05:00:00,3630.60009765625,3633.0,3621.0,3631.10009765625,110064
2025-10-17 05:30:00,3635.10009765625,3635.800048828125,3621.0,3630.699951171875,224126
2025-10-17 06:00:00,3639.800048828125,3639.800048828125,3620.10009765625,3635.0,175486
2025-10-17 06:30:00,3637.199951171875,3644.89990234375,3632.5,3641.0,154641
2025-10-17 07:00:00,3633.60009765625,3639.699951171875,3625.199951171875,3637.5,125631
2025-10-17 07:30:00,3629.5,3634.89990234375,3623.0,3633.60009765625,157362
2025-10-17 08:00:00,3634.89990234375,3635.0,3616.199951171875,3631.300048828125,244156
2025-10-17 08:30:00,3635.89990234375,3641.89990234375,3633.199951171875,3635.0,183303
2025-10-17 09:00:00,3638.300048828125,3640.0,3630.199951171875,3636.10009765625,178073
2025-10-17 09:30:00,3653.10009765625,3655.89990234375,3635.60009765625,3638.60009765625,725953
2025-10-20 04:00:00,3630.0,3647.0,3628.0,3640.0,214633
2025-10-20 04:30:00,3621.699951171875,3636.800048828125,3611.699951171875,3629.699951171875,140672
2025-10-20 05:00:00,3619.0,3626.800048828125,3615.10009765625,3621.800048828125,111120
2025-10-20 05:30:00,3618.0,3620.89990234375,3609.0,3618.10009765625,105614
2025-10-20 06:00:00,3605.300048828125,3618.0,3595.60009765625,3617.39990234375,148689
2025-10-20 06:30:00,3609.800048828125,3611.300048828125,3601.60009765625,3604.89990234375,212690
2025-10-20 07:00:00,3614.5,3615.0,3606.5,3610.0,108763
2025-10-20 07:30:00,3614.699951171875,3619.5,3610.699951171875,3614.5,133606
2025-10-20 08:00:00,3607.10009765625,3616.10009765625,3604.0,3614.199951171875,109260
2025-10-20 08:30:00,3599.199951171875,3613.699951171875,3597.10009765625,3608.300048828125,103886
2025-10-20 09:00:00,3599.800048828125,3602.800048828125,3593.60009765625,3599.10009765625,108996
2025-10-20 09:30:00,3599.10009765625,3603.60009765625,3593.300048828125,3600.0,294727
2025-10-21 08:00:00,3621.0,3626.199951171875,3608.199951171875,3608.199951171875,110377
2025-10-21 08:30:00,3624.800048828125,3628.0,3619.0,3621.0,129694
2025-10-21 09:00:00,3621.199951171875,3623.89990234375,3605.0,3623.89990234375,44219
2025-10-23 04:00:00,3629.800048828125,3632.10009765625,3621.60009765625,3626.699951171875,390182
2025-10-23 04:30:00,3631.0,3636.699951171875,3628.800048828125,3630.699951171875,265436
2025-10-23 05:00:00,3631.60009765625,3632.0,3622.10009765625,3630.699951171875,143287
2025-10-23 05:30:00,3639.699951171875,3646.0,3624.5,3631.800048828125,389494
2025-10-23 06:00:00,3643.800048828125,3650.0,3634.89990234375,3640.199951171875,347383
2025-10-23 06:30:00,3634.0,3645.0,3630.89990234375,3643.60009765625,177860
2025-10-23 07:00:00,3626.89990234375,3635.39990234375,3623.5,3633.89990234375,173214
2025-10-23 07:30:00,3617.5,3631.39990234375,3615.0,3626.300048828125,179441
2025-10-23 08:00:00,3613.39990234375,3621.199951171875,3611.800048828125,3617.60009765625,213555
2025-10-23 08:30:00,3604.5,3613.39990234375,3600.0,3613.39990234375,232066
2025-10-23 09:00:00,3626.800048828125,3630.0,3601.39990234375,3603.39990234375,193327
2025-10-23 09:30:00,3623.60009765625,3629.699951171875,3613.800048828125,3626.39990234375,562926
2025-10-24 04:00:00,3640.0,3655.0,3637.5,3648.89990234375,180833
2025-10-24 04:30:00,3627.60009765625,3644.0,3626.60009765625,3639.89990234375,75711
2025-10-24 05:00:00,3637.800048828125,3638.60009765625,3623.60009765625,3627.60009765625,63854
2025-10-24 05:30:00,3633.5,3641.300048828125,3633.5,3637.800048828125,127309
2025-10-24 06:00:00,3636.300048828125,3639.699951171875,3630.0,3633.800048828125,70410
2025-10-24 06:30:00,3639.199951171875,3642.0,3630.5,3636.300048828125,62908
2025-10-24 07:00:00,3639.10009765625,3641.0,3637.199951171875,3639.10009765625,47150
2025-10-24 07:30:00,3635.0,3641.0,3632.60009765625,3639.39990234375,73629
2025-10-24 08:00:00,3624.89990234375,3637.0,3620.10009765625,3635.199951171875,120916
2025-10-24 08:30:00,3625.60009765625,3626.300048828125,3620.0,3624.699951171875,66231
2025-10-24 09:00:00,3615.5,3626.0,3615.300048828125,3626.0,110601
2025-10-24 09:30:00,3620.0,3629.0,3616.800048828125,3616.800048828125,363504
2025-10-27 04:00:00,3618.199951171875,3623.0,3611.0,3617.800048828125,133676
2025-10-27 04:30:00,3614.800048828125,3620.0,3609.39990234375,3618.199951171875,146756
2025-10-27 05:00:00,3613.10009765625,3614.800048828125,3607.0,3614.800048828125,68669
2025-10-27 05:30:00,3614.0,3620.0,3612.300048828125,3612.300048828125,67117
2025-10-27 06:00:00,3616.300048828125,3617.60009765625,3608.10009765625,3613.89990234375,66036
2025-10-27 06:30:00,3607.89990234375,3617.0,3606.300048828125,3616.199951171875,70970
2025-10-27 07:00:00,3598.89990234375,3610.0,3596.5,3608.800048828125,101993
2025-10-27 07:30:00,3600.0,3602.5,3593.0,3598.89990234375,73034
2025-10-27 08:00:00,3606.10009765625,3610.89990234375,3598.199951171875,3601.300048828125,70600
2025-10-27 08:30:00,3615.0,3617.199951171875,3604.39990234375,3607.199951171875,111514
2025-10-27 09:00:00,3614.39990234375,3616.89990234375,3608.5,3614.39990234375,134647
2025-10-27 09:30:00,3611.60009765625,3616.0,3608.10009765625,3614.5,267982
2025-10-28 04:00:00,3604.800048828125,3622.10009765625,3602.800048828125,3619.60009765625,397111
2025-10-28 04:30:00,3601.39990234375,3608.199951171875,3595.39990234375,3604.60009765625,115765
2025-10-28 05:00:00,3598.699951171875,3602.199951171875,3596.0,3601.199951171875,51993
2025-10-28 05:30:00,3592.300048828125,3599.699951171875,3587.0,3598.39990234375,82838
2025-10-28 06:00:00,3592.800048828125,3601.89990234375,3591.89990234375,3593.0,82838
2025-10-28 06:30:00,3591.5,3596.10009765625,3583.10009765625,3593.300048828125,94098
2025-10-28 07:00:00,3605.10009765625,3605.89990234375,3589.39990234375,3591.0,155047
2025-10-28 07:30:00,3596.89990234375,3606.10009765625,3593.0,3605.10009765625,85616
2025-10-28 08:00:00,3579.0,3597.0,3570.300048828125,3596.89990234375,101894
2025-10-28 08:30:00,3567.199951171875,3582.699951171875,3562.0,3580.199951171875,172480
2025-10-28 09:00:00,3568.10009765625,3572.89990234375,3562.0,3567.0,181933
2025-10-28 09:30:00,3576.300048828125,3589.300048828125,3567.60009765625,3568.699951171875,1009483
2025-10-29 04:00:00,3534.800048828125,3541.699951171875,3528.0,3538.39990234375,212473
2025-10-29 04:30:00,3552.39990234375,3553.39990234375,3534.800048828125,3534.800048828125,343968
2025-10-29 05:00:00,3553.199951171875,3561.0,3548.699951171875,3553.5,118371
2025-10-29 05:30:00,3546.89990234375,3553.60009765625,3539.89990234375,3552.300048828125,134768
2025-10-29 06:00:00,3548.699951171875,3550.5,3543.89990234375,3546.800048828125,194802
2025-10-29 06:30:00,3549.39990234375,3553.0,3542.300048828125,3549.89990234375,87283
2025-10-29 07:00:00,3545.89990234375,3552.39990234375,3545.0,3549.300048828125,82084
2025-10-29 07:30:00,3528.199951171875,3545.89990234375,3528.0,3545.89990234375,212293
2025-10-29 08:00:00,3531.5,3537.89990234375,3523.800048828125,3528.199951171875,129938
2025-10-29 08:30:00,3534.0,3536.60009765625,3529.89990234375,3531.60009765625,100456
2025-10-29 09:00:00,3533.89990234375,3539.0,3530.89990234375,3533.89990234375,163016
2025-10-29 09:30:00,3534.699951171875,3540.0,3530.5,3533.0,360990
2025-10-30 04:00:00,3499.199951171875,3527.10009765625,3496.699951171875,3527.10009765625,251076
2025-10-30 04:30:00,3498.89990234375,3501.39990234375,3496.5,3499.199951171875,79412
2025-10-30 05:00:00,3499.800048828125,3500.5,3497.0,3498.89990234375,72669
2025-10-30 05:30:00,3505.10009765625,3517.10009765625,3499.0,3500.0,287555
2025-10-30 06:00:00,3502.800048828125,3505.39990234375,3500.0,3505.10009765625,82706
2025-10-30 06:30:00,3505.699951171875,3510.0,3501.0,3502.800048828125,81682
2025-10-30 07:00:00,3509.699951171875,3511.199951171875,3503.0,3505.699951171875,43404
2025-10-30 07:30:00,3505.10009765625,3513.199951171875,3502.199951171875,3509.699951171875,73250
2025-10-30 08:00:00,3507.89990234375,3508.699951171875,3501.0,3505.0,64457
2025-10-30 08:30:00,3505.800048828125,3508.699951171875,3503.39990234375,3506.800048828125,60862
2025-10-30 09:00:00,3507.0,3510.39990234375,3500.89990234375,3505.800048828125,198551
2025-10-30 09:30:00,3502.10009765625,3509.800048828125,3498.39990234375,3507.0,435242
2025-10-31 04:00:00,3516.39990234375,3526.300048828125,3511.5,3511.5,128580
2025-10-31 04:30:00,3500.0,3518.800048828125,3500.0,3516.699951171875,86263
2025-10-31 05:00:00,3496.60009765625,3502.60009765625,3495.300048828125,3500.199951171875,41086
2025-10-31 05:30:00,3500.0,3502.699951171875,3491.10009765625,3497.0,48008
2025-10-31 06:00:00,3509.5,3510.5,3500.0,3500.5,37793
2025-10-31 06:30:00,3502.699951171875,3510.800048828125,3502.0,3509.5,48192
2025-10-31 07:00:00,3502.0,3509.0,3501.10009765625,3502.699951171875,86118
2025-10-31 07:30:00,3503.10009765625,3510.0,3501.5,3501.5,145239
2025-10-31 08:00:00,3500.0,3504.199951171875,3499.5,3503.10009765625,145042
2025-10-31 08:30:00,3494.5,3501.300048828125,3493.0,3500.0,126648
2025-10-31 09:00:00,3488.89990234375,3495.0,3486.10009765625,3495.0,165523
2025-10-31 09:30:00,3491.0,3492.5,3483.699951171875,3488.89990234375,708188
2025-11-03 04:00:00,3554.5,3561.699951171875,3544.10009765625,3550.5,199011
2025-11-03 04:30:00,3556.300048828125,3558.60009765625,3532.60009765625,3554.60009765625,198782
2025-11-03 05:00:00,3555.0,3561.39990234375,3553.60009765625,3556.800048828125,133681
2025-11-03 05:30:00,3559.39990234375,3560.0,3553.300048828125,3555.0,142560
2025-11-03 06:00:00,3551.800048828125,3561.5,3550.0,3559.0,118270
2025-11-03 06:30:00,3543.0,3553.89990234375,3541.0,3551.800048828125,82577
2025-11-03 07:00:00,3547.300048828125,3547.39990234375,3537.0,3543.0,69565
2025-11-03 07:30:00,3550.0,3550.800048828125,3543.39990234375,3546.800048828125,71385
2025-11-03 08:00:00,3548.699951171875,3551.10009765625,3543.60009765625,3549.800048828125,49399
2025-11-03 08:30:00,3554.60009765625,3557.199951171875,3548.39990234375,3548.800048828125,111912
2025-11-03 09:00:00,3541.89990234375,3556.39990234375,3541.800048828125,3555.39990234375,97891
2025-11-03 09:30:00,3548.89990234375,3555.0,3540.5,3541.89990234375,178856
2025-11-04 04:00:00,3555.89990234375,3560.0,3541.60009765625,3542.60009765625,166218
2025-11-04 04:30:00,3550.0,3559.0,3544.300048828125,3554.800048828125,98370
2025-11-04 05:00:00,3550.699951171875,3554.0,3545.0,3550.0,64470
2025-11-04 05:30:00,3549.60009765625,3557.39990234375,3543.699951171875,3551.699951171875,92084
2025-11-04 06:00:00,3572.39990234375,3573.0,3547.60009765625,3549.89990234375,139375
2025-11-04 06:30:00,3562.699951171875,3573.89990234375,3560.10009765625,3572.5,119180
2025-11-04 07:00:00,3568.0,3570.0,3560.39990234375,3562.699951171875,141339
2025-11-04 07:30:00,3563.0,3584.0,3548.0,3566.39990234375,330327
2025-11-04 08:00:00,3581.60009765625,3631.39990234375,3561.300048828125,3562.5,896554
2025-11-04 08:30:00,3587.699951171875,3588.0,3568.300048828125,3581.60009765625,256386
2025-11-04 09:00:00,3592.5,3609.0,3586.60009765625,3587.699951171875,341449
2025-11-04 09:30:00,3584.300048828125,3594.800048828125,3574.39990234375,3592.5,705983
2025-11-06 04:00:00,3640.10009765625,3674.699951171875,3630.0,3658.89990234375,603397
2025-11-06 04:30:00,3609.0,3647.0,3600.5,3640.0,426965
2025-11-06 05:00:00,3633.800048828125,3635.0,3586.300048828125,3608.39990234375,382855
2025-11-06 05:30:00,3627.89990234375,3639.800048828125,3617.300048828125,3633.800048828125,276866
2025-11-06 06:00:00,3643.800048828125,3647.0,3626.0,3627.89990234375,146334
2025-11-06 06:30:00,3633.300048828125,3649.0,3625.699951171875,3643.39990234375,176809
2025-11-06 07:00:00,3646.0,3647.800048828125,3628.5,3633.199951171875,138591
2025-11-06 07:30:00,3641.89990234375,3654.800048828125,3637.199951171875,3647.300048828125,202815
2025-11-06 08:00:00,3627.89990234375,3643.300048828125,3624.39990234375,3641.89990234375,144651
2025-11-06 08:30:00,3621.60009765625,3633.800048828125,3617.39990234375,3628.300048828125,166016
2025-11-06 09:00:00,3624.89990234375,3627.0,3616.39990234375,3622.5,206086
2025-11-06 09:30:00,3615.39990234375,3625.39990234375,3609.199951171875,3625.39990234375,783781
2025-11-07 04:00:00,3588.5,3604.39990234375,3566.89990234375,3578.39990234375,169404
2025-11-07 04:30:00,3605.39990234375,3607.0,3582.89990234375,3588.800048828125,95050
2025-11-07 05:00:00,3614.89990234375,3629.199951171875,3604.300048828125,3605.5,116847
2025-11-07 05:30:00,3634.800048828125,3636.699951171875,3613.0,3614.89990234375,79442
2025-11-07 06:00:00,3649.10009765625,3654.0,3634.800048828125,3634.800048828125,153269
2025-11-07 06:30:00,3659.89990234375,3664.10009765625,3642.699951171875,3647.5,174051
2025-11-07 07:00:00,3660.0,3673.0,3652.199951171875,3660.199951171875,200342
2025-11-07 07:30:00,3668.0,3668.89990234375,3653.300048828125,3660.60009765625,108592
2025-11-07 08:00:00,3670.10009765625,3680.0,3665.300048828125,3668.800048828125,216295
2025-11-07 08:30:00,3700.60009765625,3700.89990234375,3666.300048828125,3670.199951171875,287848
2025-11-07 09:00:00,3685.300048828125,3718.0,3685.0,3698.199951171875,292882
2025-11-07 09:30:00,3690.199951171875,3701.0,3681.5,3685.10009765625,459391
2025-11-10 04:00:00,3667.10009765625,3683.699951171875,3662.5,3683.39990234375,155920
2025-11-10 04:30:00,3648.5,3668.39990234375,3648.39990234375,3665.10009765625,116673
2025-11-10 05:00:00,3662.699951171875,3667.10009765625,3645.10009765625,3648.0,90828
2025-11-10 05:30:00,3672.60009765625,3676.199951171875,3661.5,3663.199951171875,156047
2025-11-10 06:00:00,3670.5,3679.199951171875,3668.800048828125,3672.60009765625,71340
2025-11-10 06:30:00,3682.60009765625,3685.0,3669.89990234375,3671.60009765625,84429
2025-11-10 07:00:00,3676.60009765625,3688.39990234375,3674.800048828125,3684.0,67257
2025-11-10 07:30:00,3681.89990234375,3684.800048828125,3674.10009765625,3676.39990234375,107848
2025-11-10 08:00:00,3666.60009765625,3682.10009765625,3665.10009765625,3681.60009765625,74849
2025-11-10 08:30:00,3677.5,3680.60009765625,3665.5,3667.699951171875,91725
2025-11-10 09:00:00,3668.800048828125,3680.0,3664.89990234375,3677.5,79025
2025-11-10 09:30:00,3664.0,3668.800048828125,3657.199951171875,3668.800048828125,309524
2025-11-11 04:00:00,3677.89990234375,3725.0,3673.300048828125,3709.800048828125,318744
2025-11-11 04:30:00,3687.89990234375,3690.0,3675.0,3677.89990234375,120417
2025-11-11 05:00:00,3688.39990234375,3693.300048828125,3670.300048828125,3687.89990234375,135358
2025-11-11 05:30:00,3693.0,3699.0,3684.0,3689.0,122243
2025-11-11 06:00:00,3707.199951171875,3710.699951171875,3688.800048828125,3693.0,109946
2025-11-11 06:30:00,3706.0,3719.89990234375,3700.0,3708.0,182278
2025-11-11 07:00:00,3700.0,3710.0,3698.0,3705.699951171875,158449
2025-11-11 07:30:00,3703.89990234375,3713.800048828125,3698.199951171875,3700.0,122603
2025-11-11 08:00:00,3719.699951171875,3722.10009765625,3703.199951171875,3703.89990234375,173285
2025-11-11 08:30:00,3724.0,3725.89990234375,3716.60009765625,3719.300048828125,156497
2025-11-11 09:00:00,3746.0,3746.0,3718.5,3724.0,371005
2025-11-11 09:30:00,3749.10009765625,3759.0,3740.0,3745.800048828125,784205
2025-11-12 04:00:00,3756.0,3776.0,3755.699951171875,3773.0,190935
2025-11-12 04:30:00,3745.5,3756.0,3740.0,3755.0,146080
2025-11-12 05:00:00,3744.89990234375,3751.0,3740.0,3745.5,71454
2025-11-12 05:30:00,3758.60009765625,3760.0,3742.10009765625,3745.0,90051
2025-11-12 06:00:00,3755.60009765625,3764.300048828125,3752.5,3758.699951171875,88012
2025-11-12 06:30:00,3749.0,3756.10009765625,3743.0,3755.5,85910
2025-11-12 07:00:00,3748.5,3753.5,3744.5,3748.89990234375,72205
2025-11-12 07:30:00,3746.60009765625,3750.800048828125,3740.0,3748.699951171875,78692
2025-11-12 08:00:00,3773.0,3776.699951171875,3743.0,3746.5,238563
2025-11-12 08:30:00,3769.199951171875,3779.300048828125,3764.0,3775.0,179648
2025-11-12 09:00:00,3765.0,3770.0,3761.0,3770.0,106953
2025-11-12 09:30:00,3754.300048828125,3764.89990234375,3740.0,3763.0,353035
2025-11-13 04:00:00,3729.89990234375,3750.0,3721.5,3744.89990234375,181189
2025-11-13 04:30:00,3736.60009765625,3740.0,3728.0,3729.89990234375,72660
2025-11-13 05:00:00,3737.300048828125,3738.0,3729.10009765625,3736.60009765625,47753
2025-11-13 05:30:00,3732.89990234375,3743.39990234375,3731.0,3738.60009765625,67532
2025-11-13 06:00:00,3732.89990234375,3733.89990234375,3728.10009765625,3732.89990234375,47232
2025-11-13 06:30:00,3733.0,3738.0,3729.699951171875,3732.800048828125,47178
2025-11-13 07:00:00,3727.10009765625,3733.10009765625,3722.10009765625,3733.0,66850
2025-11-13 07:30:00,3733.199951171875,3736.89990234375,3728.199951171875,3728.199951171875,50770
2025-11-13 08:00:00,3726.0,3737.699951171875,3725.5,3733.39990234375,80944
2025-11-13 08:30:00,3717.0,3728.300048828125,3705.60009765625,3726.199951171875,152063
2025-11-13 09:00:00,3704.5,3718.39990234375,3703.800048828125,3716.89990234375,156127
2025-11-13 09:30:00,3697.10009765625,3707.39990234375,3690.300048828125,3705.89990234375,368232
2025-11-14 04:00:00,3701.699951171875,3716.800048828125,3692.199951171875,3693.0,161026
2025-11-14 04:30:00,3693.10009765625,3707.699951171875,3690.0,3702.0,107914
2025-11-14 05:00:00,3708.89990234375,3709.0,3690.0,3693.10009765625,130542
2025-11-14 05:30:00,3691.699951171875,3712.5,3690.60009765625,3708.89990234375,97011
2025-11-14 06:00:00,3685.5,3695.39990234375,3682.0,3692.800048828125,101089
2025-11-14 06:30:00,3695.89990234375,3698.89990234375,3685.300048828125,3685.5,66114
2025-11-14 07:00:00,3691.60009765625,3696.39990234375,3685.5,3696.39990234375,51258
2025-11-14 07:30:00,3695.10009765625,3698.0,3684.10009765625,3690.699951171875,66548
2025-11-14 08:00:00,3684.0,3696.199951171875,3676.39990234375,3695.10009765625,83552
2025-11-14 08:30:00,3679.199951171875,3687.39990234375,3674.300048828125,3685.300048828125,87361
2025-11-14 09:00:00,3675.89990234375,3680.0,3672.800048828125,3679.0,87527
2025-11-14 09:30:00,3697.800048828125,3704.0,3678.0,3678.0,663638
2025-11-17 04:00:00,3706.800048828125,3715.0,3705.699951171875,3706.0,72818
2025-11-17 04:30:00,3704.89990234375,3707.60009765625,3695.0,3707.0,64806
2025-11-17 05:00:00,3712.0,3714.800048828125,3702.0,3703.89990234375,79624
2025-11-17 05:30:00,3722.199951171875,3727.199951171875,3707.199951171875,3711.39990234375,217009
2025-11-17 06:00:00,3736.300048828125,3741.699951171875,3718.800048828125,3722.199951171875,187529
2025-11-17 06:30:00,3741.699951171875,3744.699951171875,3736.0,3737.5,159254
2025-11-17 07:00:00,3738.699951171875,3745.699951171875,3736.800048828125,3741.699951171875,153346
2025-11-17 07:30:00,3740.800048828125,3743.5,3736.800048828125,3738.800048828125,145372
2025-11-17 08:00:00,3743.89990234375,3744.0,3737.0,3740.89990234375,214877
2025-11-17 08:30:00,3736.60009765625,3754.300048828125,3732.10009765625,3742.300048828125,240635
2025-11-17 09:00:00,3727.89990234375,3738.39990234375,3723.0,3736.60009765625,136146
2025-11-17 09:30:00,3734.89990234375,3739.199951171875,3726.300048828125,3727.89990234375,277442
2025-11-18 04:00:00,3702.0,3715.699951171875,3701.0,3707.10009765625,113721
2025-11-18 04:30:00,3695.0,3702.800048828125,3695.0,3701.0,827976
2025-11-18 05:00:00,3692.0,3701.39990234375,3689.10009765625,3695.60009765625,60169
2025-11-18 05:30:00,3713.39990234375,3715.0,3692.0,3692.0,80385
2025-11-18 06:00:00,3720.0,3732.39990234375,3713.39990234375,3713.39990234375,108200
2025-11-18 06:30:00,3713.60009765625,3723.10009765625,3711.60009765625,3720.800048828125,130306
2025-11-18 07:00:00,3713.199951171875,3715.0,3707.300048828125,3713.39990234375,42422
2025-11-18 07:30:00,3719.699951171875,3721.0,3714.60009765625,3714.60009765625,64977
2025-11-18 08:00:00,3715.699951171875,3721.0,3714.5,3719.699951171875,96179
2025-11-18 08:30:00,3715.10009765625,3724.0,3714.199951171875,3715.800048828125,177603
2025-11-18 09:00:00,3702.0,3716.10009765625,3700.0,3716.10009765625,174432
2025-11-18 09:30:00,3694.800048828125,3705.60009765625,3689.800048828125,3702.800048828125,620641
2025-11-19 04:00:00,3717.0,3718.0,3690.699951171875,3695.0,228383
2025-11-19 04:30:00,3729.300048828125,3738.300048828125,3715.0,3716.60009765625,215367
2025-11-19 05:00:00,3720.800048828125,3733.699951171875,3717.300048828125,3729.39990234375,47636
2025-11-19 05:30:00,3716.89990234375,3722.199951171875,3715.0,3719.300048828125,66575
2025-11-19 06:00:00,3725.89990234375,3728.0,3715.0,3717.199951171875,55474
2025-11-19 06:30:00,3739.89990234375,3740.0,3725.0,3725.699951171875,50094
2025-11-19 07:00:00,3742.800048828125,3746.5,3736.89990234375,3739.800048828125,57221
2025-11-19 07:30:00,3728.60009765625,3744.300048828125,3726.60009765625,3742.699951171875,59845
2025-11-19 08:00:00,3728.89990234375,3733.0,3727.39990234375,3728.5,45774
2025-11-19 08:30:00,3729.0,3730.39990234375,3724.699951171875,3728.0,116131
2025-11-19 09:00:00,3728.0,3731.89990234375,3724.60009765625,3729.0,144992
2025-11-19 09:30:00,3722.5,3730.0,3715.0,3727.89990234375,398594
2025-11-20 04:00:00,3745.0,3746.0,3736.0,3739.0,88634
2025-11-20 04:30:00,3756.5,3759.0,3744.60009765625,3745.0,108541
2025-11-20 05:00:00,3747.5,3758.0,3744.39990234375,3758.0,311059
2025-11-20 05:30:00,3741.89990234375,3748.800048828125,3737.800048828125,3747.300048828125,108458
2025-11-20 06:00:00,3732.89990234375,3744.89990234375,3722.0,3741.89990234375,72931
2025-11-20 06:30:00,3742.0,3742.5,3726.10009765625,3732.89990234375,66947
2025-11-20 07:00:00,3738.39990234375,3742.5,3737.39990234375,3742.0,53794
2025-11-20 07:30:00,3735.60009765625,3740.39990234375,3732.800048828125,3738.39990234375,173494
2025-11-20 08:00:00,3734.5,3740.199951171875,3732.0,3736.0,68452
2025-11-20 08:30:00,3727.199951171875,3738.89990234375,3727.0,3734.5,87630
2025-11-20 09:00:00,3725.699951171875,3731.699951171875,3724.0,3727.199951171875,150155
2025-11-20 09:30:00,3711.5,3727.0,3711.39990234375,3725.60009765625,443165
2025-11-21 04:00:00,3762.699951171875,3769.60009765625,3749.0,3765.0,537864
2025-11-21 04:30:00,3760.0,3768.0,3752.699951171875,3761.39990234375,252610
2025-11-21 05:00:00,3757.0,3768.89990234375,3754.10009765625,3760.0,177329
2025-11-21 05:30:00,3764.89990234375,3766.10009765625,3751.300048828125,3756.5,123540
2025-11-21 06:00:00,3761.5,3766.699951171875,3754.800048828125,3764.89990234375,167330
2025-11-21 06:30:00,3775.0,3778.89990234375,3759.10009765625,3761.39990234375,327907
2025-11-21 07:00:00,3764.89990234375,3775.699951171875,3762.5,3775.60009765625,184151
2025-11-21 07:30:00,3755.5,3767.300048828125,3752.0,3764.89990234375,121987
2025-11-21 08:00:00,3758.0,3760.0,3752.60009765625,3755.5,92813
2025-11-21 08:30:00,3754.699951171875,3760.0,3753.0,3758.0,93925
2025-11-21 09:00:00,3744.800048828125,3757.800048828125,3741.5,3754.800048828125,156940
2025-11-21 09:30:00,3749.60009765625,3754.300048828125,3742.0,3743.300048828125,339276
2025-11-24 04:00:00,3706.10009765625,3713.800048828125,3701.5,3711.60009765625,172052
2025-11-24 04:30:00,3719.60009765625,3720.0,3706.10009765625,3706.5,207476
2025-11-24 05:00:00,3717.300048828125,3728.199951171875,3714.300048828125,3719.60009765625,134683
2025-11-24 05:30:00,3717.199951171875,3719.0,3710.0,3717.60009765625,89936
2025-11-24 06:00:00,3704.199951171875,3719.0,3703.60009765625,3717.300048828125,105757
2025-11-24 06:30:00,3704.5,3712.5,3701.199951171875,3704.300048828125,102281
2025-11-24 07:00:00,3699.300048828125,3707.60009765625,3697.300048828125,3703.800048828125,77707
2025-11-24 07:30:00,3701.800048828125,3703.199951171875,3695.60009765625,3699.300048828125,75761
2025-11-24 08:00:00,3700.10009765625,3703.5,3698.89990234375,3701.5,63870
2025-11-24 08:30:00,3699.5,3702.0,3697.60009765625,3700.0,98047
2025-11-24 09:00:00,3704.89990234375,3706.89990234375,3697.300048828125,3699.39990234375,154028
2025-11-24 09:30:00,3690.800048828125,3706.89990234375,3677.60009765625,3704.89990234375,2320691
2025-11-25 04:00:00,3669.39990234375,3685.10009765625,3653.0,3683.89990234375,128130
2025-11-25 04:30:00,3676.60009765625,3680.0,3661.10009765625,3668.10009765625,110562
2025-11-25 05:00:00,3672.699951171875,3689.0,3671.800048828125,3676.60009765625,81300
2025-11-25 05:30:00,3671.800048828125,3678.0,3670.0,3670.800048828125,67562
2025-11-25 06:00:00,3676.300048828125,3677.699951171875,3670.0,3671.800048828125,59808
2025-11-25 06:30:00,3670.800048828125,3679.0,3669.5,3676.300048828125,75555
2025-11-25 07:00:00,3683.39990234375,3685.0,3670.0,3671.800048828125,50425
2025-11-25 07:30:00,3684.89990234375,3688.0,3678.89990234375,3683.300048828125,62520
2025-11-25 08:00:00,3688.0,3693.89990234375,3681.89990234375,3684.89990234375,147289
2025-11-25 08:30:00,3678.699951171875,3695.699951171875,3677.0,3688.199951171875,126323
2025-11-25 09:00:00,3667.199951171875,3681.199951171875,3667.0,3678.10009765625,156694
2025-11-25 09:30:00,3660.699951171875,3674.0,3660.0,3667.199951171875,478347
2025-11-26 04:00:00,3678.89990234375,3684.60009765625,3669.300048828125,3674.60009765625,302887
2025-11-26 04:30:00,3683.10009765625,3690.0,3677.5,3679.800048828125,197029
2025-11-26 05:00:00,3678.60009765625,3688.0,3678.0,3683.10009765625,173223
2025-11-26 05:30:00,3674.10009765625,3683.5,3674.10009765625,3680.0,73548
2025-11-26 06:00:00,3679.0,3679.0,3670.10009765625,3674.60009765625,79531
2025-11-26 06:30:00,3681.5,3683.89990234375,3674.5,3677.800048828125,85289
2025-11-26 07:00:00,3689.199951171875,3700.0,3680.800048828125,3681.60009765625,160700
2025-11-26 07:30:00,3693.39990234375,3704.199951171875,3688.60009765625,3689.199951171875,185100
2025-11-26 08:00:00,3698.89990234375,3708.0,3694.0,3694.0,162858
2025-11-26 08:30:00,3690.300048828125,3701.5,3690.199951171875,3698.39990234375,224213
2025-11-26 09:00:00,3688.10009765625,3698.39990234375,3679.60009765625,3690.199951171875,125048
2025-11-26 09:30:00,3686.39990234375,3690.0,3682.0,3688.89990234375,207167
2025-11-27 04:00:00,3698.10009765625,3711.60009765625,3691.5,3709.199951171875,191826
2025-11-27 04:30:00,3684.0,3699.39990234375,3678.10009765625,3698.10009765625,182921
2025-11-27 05:00:00,3675.5,3686.800048828125,3673.60009765625,3684.60009765625,88033
2025-11-27 05:30:00,3670.0,3677.5,3667.800048828125,3675.5,103609
2025-11-27 06:00:00,3667.5,3673.89990234375,3667.0,3669.89990234375,61336
2025-11-27 06:30:00,3678.0,3678.300048828125,3665.0,3667.10009765625,65731
2025-11-27 07:00:00,3681.300048828125,3688.0,3675.0,3678.0,133368
2025-11-27 07:30:00,3673.5,3682.89990234375,3669.0,3681.89990234375,111534
2025-11-27 08:00:00,3681.10009765625,3683.300048828125,3670.10009765625,3674.89990234375,112039
2025-11-27 08:30:00,3679.5,3684.5,3675.0,3681.60009765625,128072
2025-11-27 09:00:00,3679.89990234375,3682.800048828125,3675.0,3679.5,156408
2025-11-27 09:30:00,3681.0,3684.89990234375,3678.0,3679.89990234375,446573
2025-11-28 04:00:00,3755.0,3762.0,3735.300048828125,3746.5,540823
2025-11-28 04:30:00,3757.5,3764.5,3741.5,3756.0,231905
2025-11-28 05:00:00,3753.89990234375,3768.800048828125,3751.300048828125,3757.5,248519
2025-11-28 05:30:00,3750.0,3756.89990234375,3746.800048828125,3754.199951171875,147404
2025-11-28 06:00:00,3762.0,3763.5,3747.60009765625,3750.89990234375,174764
2025-11-28 06:30:00,3749.699951171875,3762.0,3748.0,3762.0,109739
2025-11-28 07:00:00,3741.300048828125,3754.39990234375,3740.0,3749.699951171875,100468
2025-11-28 07:30:00,3745.5,3747.199951171875,3737.0,3741.39990234375,78440
2025-11-28 08:00:00,3749.39990234375,3753.0,3740.10009765625,3745.800048828125,100750
2025-11-28 08:30:00,3751.5,3754.89990234375,3745.0,3749.89990234375,109424
2025-11-28 09:00:00,3755.0,3759.60009765625,3749.89990234375,3751.5,181264
2025-11-28 09:30:00,3757.300048828125,3762.0,3752.5,3754.89990234375,491062
2025-12-01 04:00:00,3768.89990234375,3778.60009765625,3765.0,3776.0,144063
2025-12-01 04:30:00,3771.800048828125,3788.0,3768.800048828125,3768.89990234375,159508
2025-12-01 05:00:00,3738.39990234375,3771.800048828125,3730.0,3771.800048828125,224676
2025-12-01 05:30:00,3758.5,3758.5,3736.199951171875,3737.89990234375,78140
2025-12-01 06:00:00,3753.5,3763.60009765625,3743.0,3758.0,117818
2025-12-01 06:30:00,3753.10009765625,3755.0,3745.0,3752.199951171875,61844
2025-12-01 07:00:00,3747.300048828125,3753.10009765625,3744.199951171875,3752.699951171875,59787
2025-12-01 07:30:00,3747.39990234375,3751.0,3744.60009765625,3748.0,59209
2025-12-01 08:00:00,3747.300048828125,3752.0,3742.699951171875,3747.39990234375,81701
2025-12-01 08:30:00,3754.0,3758.60009765625,3748.199951171875,3748.199951171875,146032
2025-12-01 09:00:00,3741.10009765625,3754.10009765625,3736.60009765625,3754.0,141423
2025-12-01 09:30:00,3737.0,3746.699951171875,3732.0,3741.199951171875,368085
2025-12-02 04:00:00,3727.0,3734.39990234375,3722.199951171875,3733.39990234375,178166
2025-12-02 04:30:00,3714.800048828125,3731.5,3713.60009765625,3727.699951171875,174633
2025-12-02 05:00:00,3718.5,3723.800048828125,3714.5,3714.60009765625,69076
2025-12-02 05:30:00,3718.800048828125,3724.39990234375,3714.89990234375,3718.5,145543
2025-12-02 06:00:00,3720.60009765625,3722.39990234375,3718.800048828125,3718.89990234375,55992
2025-12-02 06:30:00,3723.0,3724.0,3717.10009765625,3720.60009765625,59066
2025-12-02 07:00:00,3722.699951171875,3729.0,3720.0,3723.0,57384
2025-12-02 07:30:00,3720.39990234375,3730.800048828125,3713.5,3722.699951171875,134648
2025-12-02 08:00:00,3728.89990234375,3729.800048828125,3719.300048828125,3720.39990234375,77558
2025-12-02 08:30:00,3726.199951171875,3732.0,3722.199951171875,3728.89990234375,158310
2025-12-02 09:00:00,3715.39990234375,3726.800048828125,3711.39990234375,3726.10009765625,146549
2025-12-02 09:30:00,3720.89990234375,3721.699951171875,3710.300048828125,3716.300048828125,822446
2025-12-03 04:00:00,3694.5,3710.0,3686.0,3703.60009765625,130705
2025-12-03 04:30:00,3677.89990234375,3695.5,3675.800048828125,3695.10009765625,98654
2025-12-03 05:00:00,3670.5,3680.89990234375,3666.800048828125,3677.5,65340
2025-12-03 05:30:00,3651.39990234375,3671.10009765625,3647.89990234375,3670.300048828125,108228
2025-12-03 06:00:00,3644.699951171875,3658.60009765625,3642.699951171875,3650.89990234375,150614
2025-12-03 06:30:00,3644.89990234375,3651.0,3642.0,3644.89990234375,66327
2025-12-03 07:00:00,3647.10009765625,3648.800048828125,3640.300048828125,3647.0,68896
2025-12-03 07:30:00,3647.300048828125,3650.5,3640.300048828125,3647.10009765625,100722
2025-12-03 08:00:00,3646.60009765625,3649.89990234375,3642.0,3647.10009765625,105928
2025-12-03 08:30:00,3653.199951171875,3659.60009765625,3645.0,3646.60009765625,329287
2025-12-03 09:00:00,3654.5,3655.300048828125,3650.0,3653.300048828125,126543
2025-12-03 09:30:00,3649.39990234375,3656.5,3645.699951171875,3654.89990234375,524646
2025-12-04 04:00:00,3652.89990234375,3671.39990234375,3652.60009765625,3655.300048828125,133575
2025-12-04 04:30:00,3671.60009765625,3672.300048828125,3643.10009765625,3652.89990234375,113435
2025-12-04 05:00:00,3667.699951171875,3674.800048828125,3666.10009765625,3671.0,72671
2025-12-04 05:30:00,3672.699951171875,3678.199951171875,3666.699951171875,3668.300048828125,106761
2025-12-04 06:00:00,3661.300048828125,3672.89990234375,3652.300048828125,3672.60009765625,128151
2025-12-04 06:30:00,3664.39990234375,3668.10009765625,3658.300048828125,3661.800048828125,65093
2025-12-04 07:00:00,3661.199951171875,3665.0,3658.800048828125,3664.39990234375,95283
2025-12-04 07:30:00,3658.60009765625,3667.199951171875,3655.0,3661.10009765625,78064
2025-12-04 08:00:00,3655.0,3659.800048828125,3648.0,3658.5,117466
2025-12-04 08:30:00,3664.89990234375,3667.60009765625,3654.89990234375,3655.0,157499
2025-12-04 09:00:00,3670.199951171875,3670.199951171875,3660.60009765625,3665.0,131767
2025-12-04 09:30:00,3671.60009765625,3673.5,3662.89990234375,3670.199951171875,467101
2025-12-05 04:00:00,3676.800048828125,3694.10009765625,3675.300048828125,3685.699951171875,154009
2025-12-05 04:30:00,3682.0,3697.5,3675.0,3678.300048828125,138631
2025-12-05 05:00:00,3699.0,3701.89990234375,3673.199951171875,3682.0,140912
2025-12-05 05:30:00,3709.89990234375,3714.0,3698.60009765625,3698.699951171875,148439
2025-12-05 06:00:00,3703.39990234375,3714.39990234375,3700.5,3710.0,180043
2025-12-05 06:30:00,3710.0,3714.0,3700.199951171875,3703.60009765625,114160
2025-12-05 07:00:00,3711.0,3712.0,3705.89990234375,3710.0,99247
2025-12-05 07:30:00,3710.60009765625,3712.0,3707.0,3711.0,71343
2025-12-05 08:00:00,3711.199951171875,3717.0,3705.89990234375,3710.60009765625,320121
2025-12-05 08:30:00,3714.699951171875,3715.300048828125,3708.5,3711.300048828125,193138
2025-12-05 09:00:00,3714.89990234375,3715.0,3707.199951171875,3714.699951171875,118953
2025-12-05 09:30:00,3717.10009765625,3721.5,3707.300048828125,3715.0,509971
